abdera-client-0.4.0-incubating.jar,jarinbundle,apache2
abdera-core-0.4.0-incubating.jar,jarinbundle,apache2
abdera-i18n-0.4.0-incubating.jar,jarinbundle,apache2
abdera-parser-0.4.0-incubating.jar,jarinbundle,apache2
abdera-server-0.4.0-incubating.jar,jarinbundle,apache2
activation-1.1.jar,jar,sunbinary
ant-1.7.0.jar,jar,apache2
ant-launcher-1.7.0.jar,jar,apache2
aopalliance-1.0.jar,jar,apache2
avalon-framework-4.1.3.jar,jarinbundle,apache2
axis2-clustering-1.4.1-wso2.jar,jar,apache2
axis2-jaxws-1.4.1-wso2.jar,jar,apache2
axis2-jaxws-api-1.4.1-wso2.jar,jar,sunbinary
axis2-jws-api-1.4.1-wso2.jar,jar,sunbinary
axis2-saaj-1.4.1-wso2.jar,jar,apache2
axis2-saaj-api-1.4.1-wso2.jar,jar,sunbinary
axis2-transport-base_0.5.wso2.jar,bundle,apache2
axis2-transport-jms_0.5.wso2.jar,bundle,apache2
bcprov-jdk15-132.jar,jarinbundle,bouncy
bpel-eventlistener-1.1.1.jar,jar,apache2
bpel-extension-1.1.1.jar,jar,apache2
catalina-5.5.23.jar,jar,apache2
catalina-optional-5.5.23.jar,jar,apache2
commons-beanutils-1.7.0.jar,jarinbundle,apache2
commons-cli-1.0.jar,jar,apache2
commons-collections-3.1.jar,jarinbundle,apache2
commons-dbcp-1.2.2.jar,jarinbundle,apache2
commons-digester-1.8.jar,jarinbundle,apache2
commons-discovery-0.2.jar,jarinbundle,apache2
commons-el-1.0.jar,jar,apache2
commons-lang-1.0.jar,jar,apache2
commons-lang-2.3.0.wso2v1.jar,bundle,apache2
commons-logging-1.1.1.jar,jar,apache2
commons-modeler-1.1.jar,jar,apache2
commons-pool-1.3.jar,jarinbundle,apache2
derby-10.3.2.1.jar,jarinbundle,apache2
derby-10.4.1.3.jar,jarinbundle,apache2
derbytools-10.4.1.3.jar,jarinbundle,apache2
dom4j-1.6.1.jar,jar,bsd
ejb-provider-adaptor.jar,jar,apache2
geronimo-stax-api_1.0_spec-1.0.1.jar,jar,sunbinary
geronimo-jta_1.1_spec-1.1.0.wso2v1.jar,jar,apache2
geronimo-jta_1.1_spec-1.1.jar,jar,apache2
icu4j-2.6.1.jar,jar,icu
jasper-compiler-5.5.23.jar,jar,apache2
jasper-compiler-jdt-5.5.23.jar,jar,apache2
jasper-runtime-5.5.23.jar,jar,apache2
javax.servlet.jsp_2.0.0.v200706191603.jar,bundle,sunbinary
jaxb-api-2.1.jar,jar,apache2
jaxb-impl-2.1.7.jar,jar,cddl1
jaxb-xjc-2.1.7.jar,jar,cddl1
jericho-html-2.4.jar,jarinbundle,epl1
jsp-api-2.0.jar,jar,sunbinary
jsp-api-5.5.23.jar,jar,sunbinary
jsr311-api-1.0.jar,jar,cddl1
juli-6.0.16.jar,jar,apache2
log4j-1.2.13.jar,jarinbundle,apache2
logkit-1.0.1.jar,jarinbundle,apache2
mex-1.41-impl.jar,jar,apache2
naming-core-0.8.jar,jarinbundle,apache2
naming-factory-0.8.jar,jarinbundle,apache2
naming-factory-5.5.23.jar,jarinbundle,apache2
naming-factory-dbcp-5.5.23.jar,jar,apache2
naming-java-0.8.jar,jarinbundle,apache2
naming-management-0.8.jar,jarinbundle,apache2
naming-resources-5.5.23.jar,jarinbundle,apache2
opencsv-1.8.jar,jarinbundle,apache2
org.apache.commons.el_1.0.0.v200706111724.jar,bundle,apache2
org.apache.felix.bundlerepository-1.0.2.jar,bundle,apache2
org.apache.felix.framework-1.0.3.jar,jar,apache2
org.apache.felix.main-1.0.3.jar,bundle,apache2
org.apache.felix.shell-1.0.0.jar,bundle,apache2
org.apache.felix.shell.tui-1.0.0.jar,bundle,apache2
org.apache.jasper_5.5.17.v200706111724.jar,bundle,apache2
org.apache.synapse.module_1.2.wso2v1.jar,bundle,apache2
org.eclipse.equinox.common_3.3.0.v20070426.jar,bundle,epl1
org.eclipse.equinox.http.helper_1.0.0.jar,bundle,epl1
org.eclipse.equinox.http.registry_1.0.1.R33x_v20071231.jar,bundle,epl1
org.eclipse.equinox.http.servlet_1.0.1.R33x_v20070816.jar,bundle,epl1
org.eclipse.equinox.jsp.jasper_1.0.1.R33x_v20070816.jar,bundle,epl1
org.eclipse.equinox.registry_3.3.1.R33x_v20070802.jar,bundle,epl1
org.eclipse.osgi.services_3.1.200.v20070605.jar,bundle,epl1
org.eclipse.osgi_3.3.2.R33x_v20080105.jar,bundle,epl1
org.eclipse.update.configurator_3.2.100.v20070322.jar,bundle,epl1
org.osgi.compendium-1.0.0.jar,bundle,apache2
org.wso2.bps.styles_SNAPSHOT.jar,bundle,apache2
org.wso2.carbon.aarservices.ui_SNAPSHOT.jar,bundle,apache2
org.wso2.carbon.aarservices_SNAPSHOT.jar,bundle,apache2
org.wso2.carbon.abdera_0.4.0.jar,bundle,apache2
org.wso2.carbon.ajaxtags_1.3-beta-rc7.jar,bundle,apache2
org.wso2.carbon.annogen_0.1.0.jar,bundle,apache2
org.wso2.carbon.ant_1.7.0.jar,bundle,apache2
org.wso2.carbon.antlr_2.7.7.jar,bundle,bsd
org.wso2.carbon.asm_1.5.3.jar,bundle,asm
org.wso2.carbon.authenticator_0.7.jar,bundle,apache2
org.wso2.carbon.axiom_1.2.7.jar,bundle,apache2
org.wso2.carbon.axion_1.0-M3-dev.jar,bundle,apache2
org.wso2.carbon.axis1services.ui_SNAPSHOT.jar,bundle,apache2
org.wso2.carbon.axis1services_SNAPSHOT.jar,bundle,apache2
org.wso2.carbon.axis2.jaxbri_1.4.1-wso2.jar,bundle,apache2
org.wso2.carbon.axis2.jibx_1.4.1-wso2.jar,bundle,apache2
org.wso2.carbon.axis2_1.4.1-wso2.jar,bundle,apache2
org.wso2.carbon.axis_1.4.jar,bundle,apache2
org.wso2.carbon.backport.util.concurrent_3.1.jar,bundle,ccpd
org.wso2.carbon.bcel_5.2.jar,bundle,apache2
org.wso2.carbon.bndmgt-2.0.3.jar,bundle,apache2
org.wso2.carbon.bpel.ui-2.0.3.jar,bundle,apache2
org.wso2.carbon.bpel-2.0.3.jar,bundle,apache2
org.wso2.carbon.bridge-2.0.3.jar,jar,apache2
org.wso2.carbon.bsf_3.0-beta2.jar,bundle,apache2
org.wso2.carbon.caching.ui_SNAPSHOT.jar,bundle,apache2
org.wso2.carbon.caching_SNAPSHOT.jar,bundle,apache2
org.wso2.carbon.cglib_2.1_3.jar,bundle,apache1
org.wso2.carbon.commons.codec_1.3.jar,bundle,apache2
org.wso2.carbon.commons.collections_3.1.jar,bundle,apache2
org.wso2.carbon.commons.dbcp_1.2.2.jar,bundle,apache2
org.wso2.carbon.commons.fileupload_1.2.jar,bundle,apache2
org.wso2.carbon.commons.httpclient_3.1.jar,bundle,apache2
org.wso2.carbon.commons.io_1.4.jar,bundle,apache2
org.wso2.carbon.commons.lang_2.3.jar,bundle,apache2
org.wso2.carbon.commons.pool_1.3.jar,bundle,apache2
org.wso2.carbon.commons.primitives_1.0.jar,bundle,apache2
org.wso2.carbon.commons.vfs_1.0.jar,bundle,apache2
org.wso2.carbon.compass.project_2.0.1.jar,bundle,apache2
org.wso2.carbon.core.installer-SNAPSHOT.jar,jar,apache2
org.wso2.carbon.core.services_SNAPSHOT.jar,bundle,apache2
org.wso2.carbon.core_SNAPSHOT.jar,bundle,apache2
org.wso2.carbon.datasource.ui_SNAPSHOT.jar,bundle,apache2
org.wso2.carbon.datasource_SNAPSHOT.jar,bundle,apache2
org.wso2.carbon.derby_10.3.2.1.jar,bundle,apache2
org.wso2.carbon.ehcache_1.5.0.jar,bundle,apache2
org.wso2.carbon.ejbservices.ui_SNAPSHOT.jar,bundle,apache2
org.wso2.carbon.ejbservices_SNAPSHOT.jar,bundle,apache2
org.wso2.carbon.endpoint.ui_SNAPSHOT.jar,bundle,apache2
org.wso2.carbon.endpoint_SNAPSHOT.jar,bundle,apache2
org.wso2.carbon.eventing.core_SNAPSHOT.jar,bundle,apache2
org.wso2.carbon.eventing.eventsource.ui_SNAPSHOT.jar,bundle,apache2
org.wso2.carbon.eventing.eventsource_SNAPSHOT.jar,bundle,apache2
org.wso2.carbon.eventing.impl_SNAPSHOT.jar,bundle,apache2
org.wso2.carbon.eventing.savan_SNAPSHOT.jar,bundle,apache2
org.wso2.carbon.eventing.ui_SNAPSHOT.jar,bundle,apache2
org.wso2.carbon.eventing_SNAPSHOT.jar,bundle,apache2
org.wso2.carbon.geronimo.connector_2.0.1.jar,bundle,apache2
org.wso2.carbon.geronimo.ejb.2.1.spec_1.1.jar,bundle,apache2
org.wso2.carbon.geronimo.j2ee.connector.1.5.spec_1.0.jar,bundle,apache2
org.wso2.carbon.geronimo.jms.1.1.spec_1.1.jar,bundle,apache2
org.wso2.carbon.geronimo.jta.1.1.spec-1.1.jar,jar,apache2
org.wso2.carbon.geronimo.jta.1.1.spec_1.1.jar,bundle,apache2
org.wso2.carbon.geronimo.kernel_2.0.1.jar,bundle,apache2
org.wso2.carbon.geronimo.spec.javamail_1.3rc5.1.jar,bundle,apache2
org.wso2.carbon.geronimo.spec.jms_1.1-rc4.jar,bundle,apache2
org.wso2.carbon.geronimo.transaction_2.0.1.jar,bundle,apache2
org.wso2.carbon.hibernate_3.2.5.ga.jar,bundle,lgpl2
org.wso2.carbon.hsqldb_1.8.0.7.jar,bundle,hsqldb
org.wso2.carbon.http.bridge_SNAPSHOT.jar,bundle,apache2
org.wso2.carbon.httpcore.nio_4.0-beta1.jar,bundle,apache2
org.wso2.carbon.httpcore_4.0-beta1.jar,bundle,apache2
org.wso2.carbon.i18n_SNAPSHOT.jar,bundle,apache2
org.wso2.carbon.jakarta.taglibs_1.1.2.jar,bundle,apache2
org.wso2.carbon.java2wsdl.ui_SNAPSHOT.jar,bundle,apache2
org.wso2.carbon.java2wsdl_SNAPSHOT.jar,bundle,apache2
org.wso2.carbon.jaxbri_2.1.6.jar,bundle,cddl1
org.wso2.carbon.jaxws_2.1.jar,bundle,cddl1
org.wso2.carbon.jaxwsservices.ui_SNAPSHOT.jar,bundle,apache2
org.wso2.carbon.jaxwsservices_SNAPSHOT.jar,bundle,apache2
org.wso2.carbon.jibx_1.1.5.jar,bundle,bsd
org.wso2.carbon.js_1.6R5.jar,bundle,mpl11
org.wso2.carbon.localentry.ui_SNAPSHOT.jar,bundle,apache2
org.wso2.carbon.localentry_SNAPSHOT.jar,bundle,apache2
org.wso2.carbon.logging.admin.ui_SNAPSHOT.jar,bundle,apache2
org.wso2.carbon.logging.service_SNAPSHOT.jar,bundle,apache2
org.wso2.carbon.logging.view.ui_SNAPSHOT.jar,bundle,apache2
org.wso2.carbon.logging_SNAPSHOT.jar,bundle,apache2
org.wso2.carbon.mediation.configadmin.ui_SNAPSHOT.jar,bundle,apache2
org.wso2.carbon.mediation.configadmin_SNAPSHOT.jar,bundle,apache2
org.wso2.carbon.mediation.registry_SNAPSHOT.jar,bundle,apache2
org.wso2.carbon.mediation.statistics.ui_SNAPSHOT.jar,bundle,apache2
org.wso2.carbon.mediation.statistics_SNAPSHOT.jar,bundle,apache2
org.wso2.carbon.mediation.tracer.ui_SNAPSHOT.jar,bundle,apache2
org.wso2.carbon.mediation.tracer_SNAPSHOT.jar,bundle,apache2
org.wso2.carbon.mediation.utils_SNAPSHOT.jar,bundle,apache2
org.wso2.carbon.mediator.aggregate.ui_SNAPSHOT.jar,bundle,apache2
org.wso2.carbon.mediator.aggregate_SNAPSHOT.jar,bundle,apache2
org.wso2.carbon.mediator.cache.ui_SNAPSHOT.jar,bundle,apache2
org.wso2.carbon.mediator.cache_SNAPSHOT.jar,bundle,apache2
org.wso2.carbon.mediator.callout.ui_SNAPSHOT.jar,bundle,apache2
org.wso2.carbon.mediator.callout_SNAPSHOT.jar,bundle,apache2
org.wso2.carbon.mediator.clazz.ui_SNAPSHOT.jar,bundle,apache2
org.wso2.carbon.mediator.clazz_SNAPSHOT.jar,bundle,apache2
org.wso2.carbon.mediator.clone.ui_SNAPSHOT.jar,bundle,apache2
org.wso2.carbon.mediator.clone_SNAPSHOT.jar,bundle,apache2
org.wso2.carbon.mediator.command.ui_SNAPSHOT.jar,bundle,apache2
org.wso2.carbon.mediator.command_SNAPSHOT.jar,bundle,apache2
org.wso2.carbon.mediator.dblookup.ui_SNAPSHOT.jar,bundle,apache2
org.wso2.carbon.mediator.dblookup_SNAPSHOT.jar,bundle,apache2
org.wso2.carbon.mediator.dbreport.ui_SNAPSHOT.jar,bundle,apache2
org.wso2.carbon.mediator.dbreport_SNAPSHOT.jar,bundle,apache2
org.wso2.carbon.mediator.drop.ui_SNAPSHOT.jar,bundle,apache2
org.wso2.carbon.mediator.drop_SNAPSHOT.jar,bundle,apache2
org.wso2.carbon.mediator.event.ui_SNAPSHOT.jar,bundle,apache2
org.wso2.carbon.mediator.event_SNAPSHOT.jar,bundle,apache2
org.wso2.carbon.mediator.fault.ui_SNAPSHOT.jar,bundle,apache2
org.wso2.carbon.mediator.fault_SNAPSHOT.jar,bundle,apache2
org.wso2.carbon.mediator.filter.ui_SNAPSHOT.jar,bundle,apache2
org.wso2.carbon.mediator.filter_SNAPSHOT.jar,bundle,apache2
org.wso2.carbon.mediator.header.ui_SNAPSHOT.jar,bundle,apache2
org.wso2.carbon.mediator.header_SNAPSHOT.jar,bundle,apache2
org.wso2.carbon.mediator.in.ui_SNAPSHOT.jar,bundle,apache2
org.wso2.carbon.mediator.in_SNAPSHOT.jar,bundle,apache2
org.wso2.carbon.mediator.iterate.ui_SNAPSHOT.jar,bundle,apache2
org.wso2.carbon.mediator.iterate_SNAPSHOT.jar,bundle,apache2
org.wso2.carbon.mediator.log.ui_SNAPSHOT.jar,bundle,apache2
org.wso2.carbon.mediator.log_SNAPSHOT.jar,bundle,apache2
org.wso2.carbon.mediator.out.ui_SNAPSHOT.jar,bundle,apache2
org.wso2.carbon.mediator.out_SNAPSHOT.jar,bundle,apache2
org.wso2.carbon.mediator.property.ui_SNAPSHOT.jar,bundle,apache2
org.wso2.carbon.mediator.property_SNAPSHOT.jar,bundle,apache2
org.wso2.carbon.mediator.rmsequence.ui_SNAPSHOT.jar,bundle,apache2
org.wso2.carbon.mediator.rmsequence_SNAPSHOT.jar,bundle,apache2
org.wso2.carbon.mediator.router.ui_SNAPSHOT.jar,bundle,apache2
org.wso2.carbon.mediator.router_SNAPSHOT.jar,bundle,apache2
org.wso2.carbon.mediator.script.ui_SNAPSHOT.jar,bundle,apache2
org.wso2.carbon.mediator.script_SNAPSHOT.jar,bundle,apache2
org.wso2.carbon.mediator.send.ui_SNAPSHOT.jar,bundle,apache2
org.wso2.carbon.mediator.send_SNAPSHOT.jar,bundle,apache2
org.wso2.carbon.mediator.sequence.ui_SNAPSHOT.jar,bundle,apache2
org.wso2.carbon.mediator.sequence_SNAPSHOT.jar,bundle,apache2
org.wso2.carbon.mediator.service_SNAPSHOT.jar,bundle,apache2
org.wso2.carbon.mediator.spring.ui_SNAPSHOT.jar,bundle,apache2
org.wso2.carbon.mediator.spring_SNAPSHOT.jar,bundle,apache2
org.wso2.carbon.mediator.switch.ui_SNAPSHOT.jar,bundle,apache2
org.wso2.carbon.mediator.switch_SNAPSHOT.jar,bundle,apache2
org.wso2.carbon.mediator.target.ui_SNAPSHOT.jar,bundle,apache2
org.wso2.carbon.mediator.target_SNAPSHOT.jar,bundle,apache2
org.wso2.carbon.mediator.throttle.ui_SNAPSHOT.jar,bundle,apache2
org.wso2.carbon.mediator.throttle_SNAPSHOT.jar,bundle,apache2
org.wso2.carbon.mediator.transaction.ui_SNAPSHOT.jar,bundle,apache2
org.wso2.carbon.mediator.transaction_SNAPSHOT.jar,bundle,apache2
org.wso2.carbon.mediator.validate.ui_SNAPSHOT.jar,bundle,apache2
org.wso2.carbon.mediator.validate_SNAPSHOT.jar,bundle,apache2
org.wso2.carbon.mediator.xquery.ui_SNAPSHOT.jar,bundle,apache2
org.wso2.carbon.mediator.xquery_SNAPSHOT.jar,bundle,apache2
org.wso2.carbon.mediator.xslt.ui_SNAPSHOT.jar,bundle,apache2
org.wso2.carbon.mediator.xslt_SNAPSHOT.jar,bundle,apache2
org.wso2.carbon.mex_SNAPSHOT.jar,bundle,apache2
org.wso2.carbon.module.mgt.ui_SNAPSHOT.jar,bundle,apache2
org.wso2.carbon.module.mgt_SNAPSHOT.jar,bundle,apache2
org.wso2.carbon.neethi_2.0.4.jar,bundle,apache2
org.wso2.carbon.ode_1.2.jar,bundle,apache2
org.wso2.carbon.openjpa_1.1.0.jar,bundle,apache2
org.wso2.carbon.operation.mgt.ui_SNAPSHOT.jar,bundle,apache2
org.wso2.carbon.operation.mgt_SNAPSHOT.jar,bundle,apache2
org.wso2.carbon.persistence.api_1.0.jar,bundle,sunbinary
org.wso2.carbon.pojoservices.ui_SNAPSHOT.jar,bundle,apache2
org.wso2.carbon.pojoservices_SNAPSHOT.jar,bundle,apache2
org.wso2.carbon.policyeditor.ui_SNAPSHOT.jar,bundle,apache2
org.wso2.carbon.policyeditor_SNAPSHOT.jar,bundle,apache2
org.wso2.carbon.proxyadmin.ui_SNAPSHOT.jar,bundle,apache2
org.wso2.carbon.proxyadmin_SNAPSHOT.jar,bundle,apache2
org.wso2.carbon.quartz_1.6.0.jar,bundle,apache2
org.wso2.carbon.registry.app_SNAPSHOT.jar,bundle,apache2
org.wso2.carbon.registry.core_SNAPSHOT.jar,bundle,apache2
org.wso2.carbon.registry.extensions_SNAPSHOT.jar,bundle,apache2
org.wso2.carbon.registry.mgt.ui.activities_SNAPSHOT.jar,bundle,apache2
org.wso2.carbon.registry.mgt.ui.info_SNAPSHOT.jar,bundle,apache2
org.wso2.carbon.registry.mgt.ui.lifecycles_SNAPSHOT.jar,bundle,apache2
org.wso2.carbon.registry.mgt.ui.properties_SNAPSHOT.jar,bundle,apache2
org.wso2.carbon.registry.mgt.ui.relations_SNAPSHOT.jar,bundle,apache2
org.wso2.carbon.registry.mgt.ui.resources_SNAPSHOT.jar,bundle,apache2
org.wso2.carbon.registry.mgt.ui.search_SNAPSHOT.jar,bundle,apache2
org.wso2.carbon.registry.mgt.ui.serviceimport_SNAPSHOT.jar,bundle,apache2
org.wso2.carbon.registry.ui.activities_SNAPSHOT.jar,bundle,apache2
org.wso2.carbon.registry.ui.common_SNAPSHOT.jar,bundle,apache2
org.wso2.carbon.registry.ui.info_SNAPSHOT.jar,bundle,apache2
org.wso2.carbon.registry.ui.lifecycles_SNAPSHOT.jar,bundle,apache2
org.wso2.carbon.registry.ui.properties_SNAPSHOT.jar,bundle,apache2
org.wso2.carbon.registry.ui.relations_SNAPSHOT.jar,bundle,apache2
org.wso2.carbon.registry.ui.resources_SNAPSHOT.jar,bundle,apache2
org.wso2.carbon.registry.ui.search_SNAPSHOT.jar,bundle,apache2
org.wso2.carbon.registry.ui.serviceimport_SNAPSHOT.jar,bundle,apache2
org.wso2.carbon.rm.ui_SNAPSHOT.jar,bundle,apache2
org.wso2.carbon.rm_SNAPSHOT.jar,bundle,apache2
org.wso2.carbon.saxon_8.7.jar,bundle,mpl10
org.wso2.carbon.saxon_8.9.jar,bundle,mpl10
org.wso2.carbon.security.mgt.ui_SNAPSHOT.jar,bundle,apache2
org.wso2.carbon.security.mgt_SNAPSHOT.jar,bundle,apache2
org.wso2.carbon.security.policy_SNAPSHOT.jar,bundle,apache2
org.wso2.carbon.security.rahas_SNAPSHOT.jar,bundle,apache2
org.wso2.carbon.security.rampart_SNAPSHOT.jar,bundle,apache2
org.wso2.carbon.sequences.ui_SNAPSHOT.jar,bundle,apache2
org.wso2.carbon.sequences_SNAPSHOT.jar,bundle,apache2
org.wso2.carbon.serp_1.13.1.jar,bundle,bsd
org.wso2.carbon.server-SNAPSHOT.jar,jar,apache2
org.wso2.carbon.server.admin.ui_SNAPSHOT.jar,bundle,apache2
org.wso2.carbon.server.admin_SNAPSHOT.jar,bundle,apache2
org.wso2.carbon.service.mgt.ui_SNAPSHOT.jar,bundle,apache2
org.wso2.carbon.service.mgt_SNAPSHOT.jar,bundle,apache2
org.wso2.carbon.spring.framework_2.5.1.jar,bundle,apache2
org.wso2.carbon.springservices.ui_SNAPSHOT.jar,bundle,apache2
org.wso2.carbon.springservices_SNAPSHOT.jar,bundle,apache2
org.wso2.carbon.sso.consumer_SNAPSHOT.jar,bundle,apache2
org.wso2.carbon.startup_SNAPSHOT.jar,bundle,apache2
org.wso2.carbon.statistics.ui_SNAPSHOT.jar,bundle,apache2
org.wso2.carbon.statistics_SNAPSHOT.jar,bundle,apache2
org.wso2.carbon.stax.impl_1.0.1.jar,bundle,apache2
org.wso2.carbon.sts.ui_SNAPSHOT.jar,bundle,apache2
org.wso2.carbon.sts_SNAPSHOT.jar,bundle,apache2
org.wso2.carbon.task.ui_SNAPSHOT.jar,bundle,apache2
org.wso2.carbon.task_SNAPSHOT.jar,bundle,apache2
org.wso2.carbon.throttle.ui_SNAPSHOT.jar,bundle,apache2
org.wso2.carbon.throttle_SNAPSHOT.jar,bundle,apache2
org.wso2.carbon.tiles_2.0.5.jar,bundle,apache2
org.wso2.carbon.tracer.ui_SNAPSHOT.jar,bundle,apache2
org.wso2.carbon.tracer_SNAPSHOT.jar,bundle,apache2
org.wso2.carbon.tranql.connector_1.1.jar,bundle,apache2
org.wso2.carbon.transport.fix.ui_SNAPSHOT.jar,bundle,apache2
org.wso2.carbon.transport.fix_SNAPSHOT.jar,bundle,apache2
org.wso2.carbon.transport.http.ui_SNAPSHOT.jar,bundle,apache2
org.wso2.carbon.transport.http_SNAPSHOT.jar,bundle,apache2
org.wso2.carbon.transport.https.ui_SNAPSHOT.jar,bundle,apache2
org.wso2.carbon.transport.https_SNAPSHOT.jar,bundle,apache2
org.wso2.carbon.transport.jms.ui_SNAPSHOT.jar,bundle,apache2
org.wso2.carbon.transport.jms_SNAPSHOT.jar,bundle,apache2
org.wso2.carbon.transport.mail.ui_SNAPSHOT.jar,bundle,apache2
org.wso2.carbon.transport.mail_SNAPSHOT.jar,bundle,apache2
org.wso2.carbon.transport.mgt.ui_SNAPSHOT.jar,bundle,apache2
org.wso2.carbon.transport.mgt_SNAPSHOT.jar,bundle,apache2
org.wso2.carbon.transport.vfs.ui_SNAPSHOT.jar,bundle,apache2
org.wso2.carbon.transport.vfs_SNAPSHOT.jar,bundle,apache2
org.wso2.carbon.tribes_6.0.16.jar,bundle,apache2
org.wso2.carbon.tryit.ui_SNAPSHOT.jar,bundle,apache2
org.wso2.carbon.tryit_SNAPSHOT.jar,bundle,apache2
org.wso2.carbon.ui.menu.general_SNAPSHOT.jar,bundle,apache2
org.wso2.carbon.ui.menu.registry_SNAPSHOT.jar,bundle,apache2
org.wso2.carbon.ui.menu.tools_SNAPSHOT.jar,bundle,apache2
org.wso2.carbon.ui_SNAPSHOT.jar,bundle,apache2
org.wso2.carbon.user.core_SNAPSHOT.jar,bundle,apache2
org.wso2.carbon.user.mgt.stub_SNAPSHOT.jar,bundle,apache2
org.wso2.carbon.user.mgt.ui_SNAPSHOT.jar,bundle,apache2
org.wso2.carbon.user.mgt_SNAPSHOT.jar,bundle,apache2
org.wso2.carbon.utils-SNAPSHOT.jar,jar,apache2
org.wso2.carbon.utils_SNAPSHOT.jar,bundle,apache2
org.wso2.carbon.validator.ui_SNAPSHOT.jar,bundle,apache2
org.wso2.carbon.validator_SNAPSHOT.jar,bundle,apache2
org.wso2.carbon.viewflows.ui_SNAPSHOT.jar,bundle,apache2
org.wso2.carbon.viewflows_SNAPSHOT.jar,bundle,apache2
org.wso2.carbon.woden_1.0M8.jar,bundle,apache2
org.wso2.carbon.wsdl2code.ui_SNAPSHOT.jar,bundle,apache2
org.wso2.carbon.wsdl2code_SNAPSHOT.jar,bundle,apache2
org.wso2.carbon.wsdl4j_1.6.2.jar,bundle,apache2
org.wso2.carbon.wsdlconverter.ui_SNAPSHOT.jar,bundle,apache2
org.wso2.carbon.wsdlconverter_SNAPSHOT.jar,bundle,apache2
org.wso2.carbon.wss4j_1.5.4.jar,bundle,apache2
org.wso2.carbon.xalan_2.7.0.jar,bundle,apache2
org.wso2.carbon.xerces_2.8.1.jar,bundle,apache2
org.wso2.carbon.xfer_SNAPSHOT.jar,bundle,apache2
org.wso2.carbon.xkms_SNAPSHOT.jar,bundle,apache2
org.wso2.carbon.xml.apis_1.3.04.jar,bundle,apache2
org.wso2.carbon.xmlbeans_2.3.0.jar,bundle,apache2
org.wso2.carbon.xmlschema_1.4.2.jar,bundle,apache2
org.wso2.dataservices.core_SNAPSHOT.jar,bundle,apache2
org.wso2.dataservices.ui_SNAPSHOT.jar,bundle,apache2
org.wso2.esb.core_2.0-SNAPSHOT.jar,bundle,apache2
org.wso2.esb.samples_2.0-SNAPSHOT.jar,bundle,apache2
org.wso2.esb.styles_2.0-SNAPSHOT.jar,bundle,apache2
org.wso2.mediator.router_SNAPSHOT.jar,bundle,apache2
org.wso2.registry.styles_SNAPSHOT.jar,bundle,apache2
org.wso2.wsas.styles_SNAPSHOT.jar,bundle,apache2
poi-3.0-FINAL.jar,jarinbundle,apache2
sample-ejb-1.0.jar,jar,apache2
servlet-api-2.4.jar,jar,sunbinary
servlet-api-5.5.23.jar,jar,sunbinary
servlets-default-5.5.23.jar,jar,apache2
smack-2.2.1.jar,jar,apache2
spring-core-2.0.4.jar,jarinbundle,apache2
stax-api-1.0-2.jar,jar,sunbinary
synapse-core_1.2.wso2v1.jar,bundle,apache2
synapse-extensions_1.2.wso2v1.jar,bundle,apache2
synapse-tasks_1.2.wso2v1.jar,bundle,apache2
synapse-transports_1.2.wso2v1.jar,bundle,apache2
synapse-utils_1.2.wso2v1.jar,bundle,apache2
tomcat-apr-5.5.23.jar,jar,apache2
tomcat-coyote-5.5.23.jar,jar,apache2
tomcat-http-5.5.23.jar,jar,apache2
tomcat-util-5.5.23.jar,jar,apache2
tribes-6.0.16.jar,jar,apache2
wrapper-3.2.3.jar,jar,mit
wso2wsas-samples-FlickrClient-SNAPSHOT.jar,jar,apache2
wso2wsas-samples-chad-SNAPSHOT.jar,jar,apache2
wso2wsas-samples-commodityquote-SNAPSHOT.jar,jar,apache2
wso2wsas-samples-data-service-SNAPSHOT.jar,jar,apache2
wso2wsas-samples-ejb-service-SNAPSHOT.jar,jar,apache2
wso2wsas-samples-eventing-client-SNAPSHOT.jar,jar,apache2
wso2wsas-samples-eventing-consumer-SNAPSHOT.jar,jar,apache2
wso2wsas-samples-eventing-publisher-SNAPSHOT.jar,jar,apache2
wso2wsas-samples-helloworld-SNAPSHOT.jar,jar,apache2
wso2wsas-samples-jaxws-SNAPSHOT.jar,jar,apache2
wso2wsas-samples-jibx-SNAPSHOT.jar,jar,apache2
wso2wsas-samples-mex-SNAPSHOT.jar,jar,apache2
wso2wsas-samples-mtom-SNAPSHOT.jar,jar,apache2
wso2wsas-samples-sts-service-SNAPSHOT.jar,jar,apache2
wso2wsas-samples-tinyurl-SNAPSHOT.jar,jar,apache2
wso2wsas-samples-trader-SNAPSHOT.jar,jar,apache2
wso2wsas-samples-xfer-SNAPSHOT.jar,jar,apache2
wso2wsas-samples-xkms-SNAPSHOT.jar,jar,apache2
wstx-asl-3.2.1.jar,jar,apache2
wstx-asl-3.2.4.jar,jarinbundle,apache2
xml-resolver-1.2.jar,jar,apache2
xmlbeans-2.3.0.jar,jarinbundle,apache2
xom-1.0.jar,jar,apache2
